coordinates	CONTROL_1	CONTROL_2	CONTROL_3	CONTROL_4	CONTROL_5	CANCER_1	CANCER_2	CANCER_3	CANCER_4	CANCER_5	CONTROL_avg	CANCER_avg	DIFF	ABSDIFF	gene_id	gene_name	ttest_pval	p.adj.bonferroni	p.adj.bh	PTBP1_binding	RBFOX1_binding
15:57252421-57252492:+	0.3494081713351499	0.2763792311405561	0.37302392268314016	0.31425570093492516	0.24542992993731014	0.26329691065643224	0.031092638547495506	0.11941309400134187	0.05916883772539837	0.15445951532954535	0.3116993912062163	0.12548619925204268	-0.18621319195417363	0.18621319195417363	ENSG00000140262	TCF12	0.006549000791264068	1.0	0.10051397366167973	0.527786	0.0
3:179219196-179219277:+	1.0	1.0	0.8324683067717876	1.0	0.7548815043266521	0.5673397645078855	0.5631575333161908	0.5362102292018314	0.5977095930690901	0.5651946609068971	0.9174699622196879	0.565922356200379	-0.3515476060193089	0.3515476060193089	ENSG00000121879	PIK3CA	0.002087127023114153	1.0	0.05387483646403928	0.073901	0.0
